Hexo,https://hexo.io
anzhiyuä¸»é¢˜,https://docs.anheyu.com
Gridea,https://open.gridea.dev
å®‰çŸ¥é±¼,https://blog.anheyu.com
å¼ æ´ªHeo,https://blog.zhheo.com
SCOTT,https://blog.scott-studio.cn
æœè€å¸ˆè¯´,https://dusays.com
Meekdai,https://blog.meekdai.com
æ¸…ç¾½é£æ‰¬,https://blog.liushen.fun
Yunfi,https://yfi.moe
è€ç‹—,https://www.laogou666.com
Tianli,https://blog.tianli0.top
Magma Ink,https://magma.ink
Water,https://www.w4ter.com
PeterJXL,https://www.peterjxl.com
æ›¦æš®æµå¹´,https://www.ximuliunian.top
iMaeGooâ€™s Blog,https://www.imaegoo.com
é˜®ä¸€å³°,https://www.ruanyifeng.com/blog
é›¾æ—åšå®¢,https://www.baiwulin.com
æ¢¦çˆ±åƒé±¼,https://blog.bsgun.cn
é˜¿é»„çš„ç‹—,https://ayellowdogsays.top
é£è®°æ˜Ÿè¾°,https://www.thyuu.com
ä¸€è“‘çƒŸé›¨,https://easyf12.top
å¼€å¾€,https://www.travellings.cn
åšå®¢å½•,https://boke.lu
BlogsClub,https://www.blogsclub.org
ä¸­æ–‡ç‹¬ç«‹åšå®¢åˆ—è¡¨,https://github.com/timqian/chinese-independent-blogs
ç¬”å¢¨è¿¹,https://blogscn.fun
åšå®¢å¤§å…¨,https://daohang.lusongsong.com
ä¸ªç«™å•†åº—,https://storeweb.cn
åšå®¢æ˜Ÿçƒ,https://www.blogplanet.cn
é›†åšæ ˆ,https://zhblogs.cn
æªè‰,https://jiuchan.org
å¯æ‰§è¡Œç¨‹åºã®å¤©å¢ƒå°å±‹ğŸ¥,https://blog.hanta2011.top
å›ä¸»é˜,https://gfjzz.cn
bbb-lsy07,https://blog.6uu.us
Moçš„è®°äº‹ç°¿,https://blog.xiowo.net
å°æ”¹å­¦ä¹ å¿—,https://www.haoyu233.com
